{
  "train_loss": [
    0.557133959531784,
    0.3274290214379629,
    0.22874812664588293,
    0.19015642881393433,
    0.16859367140134177,
    0.1617944117883841,
    0.150821052412192,
    0.14225268349051476,
    0.1431546687781811,
    0.14331024939815204,
    0.1447947526772817,
    0.1290054477651914,
    0.12708564629157384,
    0.12322347850600879,
    0.128343624095122,
    0.12848450408379236,
    0.1185852246582508,
    0.122523963312308,
    0.1185261241197586,
    0.11932654325167338,
    0.11422354760766029,
    0.11234174732367197,
    0.11681991972525914,
    0.11118944125374158,
    0.10586821555097897,
    0.11096239498257637,
    0.10894777696331343,
    0.1054132774869601,
    0.11073333811759949,
    0.10737259644269943,
    0.10510601469874382,
    0.09984228560328484,
    0.09615631013115247,
    0.1017627351184686,
    0.10442642628153165,
    0.09840899304548899,
    0.10215503952900569,
    0.10405737121899923,
    0.09612956740458807,
    0.09241701543331146,
    0.09196954821546872,
    0.09854888401428859,
    0.09219336560368538,
    0.08605994811654091,
    0.07847155778110028,
    0.07682726251582304,
    0.07780043331782023,
    0.0796899581849575,
    0.0768381410340468,
    0.07683450412750244,
    0.07224335846304894,
    0.07116156721115112,
    0.07259689663847288,
    0.0698868125230074,
    0.07150056534012159,
    0.06980002833902836,
    0.07462463333209356,
    0.06920971435805162,
    0.06670603859424591,
    0.06634805072347323,
    0.06334737014770508,
    0.06741666629910469,
    0.06296154697736105,
    0.06295359541475773,
    0.06387158128619194,
    0.06318180066347122,
    0.063144890666008,
    0.0616883688022693,
    0.06322184522946675,
    0.06282378290593624,
    0.05986486166218916,
    0.06125043444335461,
    0.06066113322476546,
    0.059841441477338476,
    0.059320856968561805,
    0.056277861918012304,
    0.0554561986575524,
    0.05943261542916298,
    0.05425327772895495,
    0.05320297249654929,
    0.052405666013558706,
    0.052167425339420634,
    0.05108161734044552,
    0.050623697395126024,
    0.05021132414539655,
    0.05074970535437266,
    0.049307250544428825,
    0.049528216098745664,
    0.048765623395641645,
    0.04743891437848409,
    0.04617349102596442,
    0.048543471112847326,
    0.04686736917992433,
    0.045025015652179715,
    0.04484683099885781,
    0.044626407692829766,
    0.04495263435939948
  ],
  "train_dice": [
    0.5455640363792579,
    0.6733643736044566,
    0.7116361052592596,
    0.7377042231559754,
    0.76000963250796,
    0.7645719007651011,
    0.7789469051361084,
    0.7903205068906148,
    0.7869512462615966,
    0.7868922756512959,
    0.783562305132548,
    0.8080256479581197,
    0.8106209127108256,
    0.8152064321835836,
    0.8075871880054474,
    0.806740791161855,
    0.8211328312555949,
    0.815112561305364,
    0.8219005524317423,
    0.8212772385279338,
    0.8283868957360585,
    0.8313944548765818,
    0.8249084988435109,
    0.8323176690737406,
    0.8405124449729919,
    0.8333115520477294,
    0.8364296987056732,
    0.8409376539389293,
    0.8342702906926472,
    0.8382097144126892,
    0.8411139025688171,
    0.8494359929561615,
    0.8550760842959086,
    0.8470498849550883,
    0.8413730466365814,
    0.8510923407872518,
    0.8462500952084859,
    0.8432882152398428,
    0.8544441326856613,
    0.8604173046747844,
    0.8611694377263387,
    0.8510044986406962,
    0.8605566552480062,
    0.8696413358052572,
    0.8814791150093079,
    0.8837215407689413,
    0.8822228474617004,
    0.8792097566922505,
    0.883243754863739,
    0.8841602675120036,
    0.8906538999875386,
    0.8919510685602824,
    0.8898350669542948,
    0.8941425480842591,
    0.8911789814631145,
    0.8941351648966471,
    0.8876583062807719,
    0.8946952036221822,
    0.8988398485183716,
    0.8992575852076212,
    0.9039943866729736,
    0.8974652738571167,
    0.9042998946507772,
    0.9044898694356283,
    0.9028578705787659,
    0.9037734247843424,
    0.9040083146095276,
    0.9062941859563192,
    0.9040061332384746,
    0.9047220562299093,
    0.9090246429443359,
    0.9070202968915304,
    0.9081437312761943,
    0.9089061791102091,
    0.9101251943906148,
    0.9148373942375183,
    0.9159236823717753,
    0.9099020409584045,
    0.917766980489095,
    0.91889963499705,
    0.9207209792137147,
    0.9208548655509948,
    0.9222153717676799,
    0.9235202646255494,
    0.9238758385976156,
    0.9228339573542277,
    0.9251419749259949,
    0.9245764404932658,
    0.9258706428209941,
    0.9281997907956441,
    0.9300332706769308,
    0.9262803856531779,
    0.9287045257886251,
    0.9318085541725158,
    0.9318205760320027,
    0.932250391960144,
    0.9320819255510966
  ],
  "valid_loss": [
    0.408284524248706,
    0.2568106106309979,
    0.19530911412503985,
    0.17567109489054591,
    0.169967627428748,
    0.17614920230375397,
    0.15817710364030468,
    0.14812543950285073,
    0.14984466173444633,
    0.15954180417099484,
    0.15821719059237727,
    0.16088450417198516,
    0.14196631591767073,
    0.1519651430555516,
    0.14909617771842965,
    0.15427350718528032,
    0.15369250414962018,
    0.1395458215502677,
    0.13861770310473662,
    0.13850516170539237,
    0.13937634833295037,
    0.1593868804888593,
    0.1460481698245362,
    0.14107697877894948,
    0.1447830976297458,
    0.13226093989969404,
    0.14679343681092616,
    0.1328120140220832,
    0.1407301522515438,
    0.15424123551282617,
    0.13409206660947315,
    0.12995297116813836,
    0.14760675719352784,
    0.13681618327757827,
    0.13709651992690783,
    0.13159888051450253,
    0.1393896678324651,
    0.14057812512058904,
    0.13674183959072386,
    0.1419965365073747,
    0.13782448942462602,
    0.14455302580501195,
    0.1361235942070683,
    0.13515220651472057,
    0.12565321971972784,
    0.12958694656414013,
    0.1308463039221587,
    0.12942714940894534,
    0.13243799760109848,
    0.1269127597204513,
    0.1303076504005326,
    0.12619151909732157,
    0.1250724830078306,
    0.12997121118974905,
    0.1263562070067834,
    0.1292078489506686,
    0.1294283010755424,
    0.12642349740835251,
    0.12838035870205472,
    0.1277805707865843,
    0.12398330791404953,
    0.13227388945718607,
    0.12976736803021696,
    0.12809978480692263,
    0.12476509790522633,
    0.13323808946060361,
    0.12378742859733326,
    0.1309511382822637,
    0.1321430158008028,
    0.12468224398239895,
    0.12751642693937928,
    0.13777741472478267,
    0.13596508296689502,
    0.1350571777395628,
    0.1295094750476656,
    0.12943548008937528,
    0.12761943318225719,
    0.1320163514810028,
    0.13093437982240208,
    0.13105000514123175,
    0.1272506576238407,
    0.12278908266927357,
    0.1273831462625552,
    0.13047932798939724,
    0.13275605974787916,
    0.1298125331048612,
    0.1287194737750623,
    0.12882910751634175,
    0.1274102058744541,
    0.12773126537946086,
    0.13243088909183387,
    0.12909587069104114,
    0.13041887535817093,
    0.13018531493704627,
    0.1304678122892424,
    0.1289148688385332,
    0.12925629172888067
  ],