{
  "train_loss": [
    0.5245126571739402,
    0.3470052670533663,
    0.30634349226435714,
    0.28399169621877524,
    0.26568502062725796,
    0.26033703441398043,
    0.24604336815959366,
    0.23531444993033787,
    0.23218313129879187,
    0.22616452684058014
  ],
  "train_dice": [
    0.24368093888186076,
    0.5013951070425788,
    0.5450615968453135,
    0.5776841191592961,
    0.6050357605994803,
    0.6123454392472728,
    0.633563378822199,
    0.6504965765327431,
    0.6533304079441656,
    0.6626623536013235
  ],
  "valid_loss": [
    0.4882257533865375,
    0.4448362104507871,
    0.49941484215028914,
    0.3994900864268933,
    0.40884143647266713,
    0.39171992567973535,
    0.46337442315402844,
    0.3951825800336602,
    0.495824177313101,
    0.45187148138324973
  ],
  "valid_dice": [
    0.19009113838087285,
    0.26250667965692176,
    0.17213476038025582,
    0.3594389799222489,
    0.3235100617537021,
    0.38165410543180156,
    0.21957980070295982,
    0.3498746575567858,
    0.2247204314833203,
    0.25666154470671365
  ],
  "lr": [
    0.0001,
    0.0001,
    0.0001,
    0.0001,
    0.0001,
    0.0001,
    0.0001,
    0.0001,
    0.0001,
    0.0001
  ]
}