{
  "train_loss": [
    0.5576441423116765,
    0.3653335294992565,
    0.31213526748686277,
    0.28486417422936694,
    0.270738864178644,
    0.2600302700295588,
    0.248790067029043,
    0.24035208842180145,
    0.23117537863463283,
    0.2210681161579097
  ],
  "train_dice": [
    0.16832154100630142,
    0.47741690360827715,
    0.534568587680078,
    0.5738604994257428,
    0.5943381833375183,
    0.6102245205606178,
    0.627636461958944,
    0.6395775967948273,
    0.654326832229308,
    0.6692595584088912
  ],
  "valid_loss": [
    0.4933945933977763,
    0.4421397518618401,
    0.4744417029574062,
    0.481101822142765,
    0.3909424359634484,
    0.4089759150758768,
    0.4096143315339978,
    0.38964667965794775,
    0.39113658816838043,
    0.4519294426713512
  ],
  "valid_dice": [
    0.2650895305471777,
    0.2795821692141116,
    0.25807685025160076,
    0.19044107243239322,
    0.3608172876345312,
    0.4003416163266673,
    0.3452764776672914,
    0.3704662321556084,
    0.3943888864830426,
    0.26265415601461634
  ],
  "lr": [
    0.0001,
    0.0001,
    0.0001,
    0.0001,
    0.0001,
    0.0001,
    0.0001,
    0.0001,
    0.0001,
    0.0001
  ]
}