{
  "train_loss": [
    0.5878410950680071,
    0.4064379063312128,
    0.30244942746570364,
    0.25861143820315163,
    0.23710133693368235,
    0.22612739958553593,
    0.21514954753269686,
    0.20530928708811336,
    0.19953277219612692,
    0.1940605409527706,
    0.19069874332039635,
    0.18549270344682325,
    0.18358708086972944,
    0.1634672966583591,
    0.1581917806328851,
    0.1563215636810692,
    0.154789368013111,
    0.15350946819982658,
    0.15074640528091815,
    0.1434526185154141,
    0.13751332265276525,
    0.13754609502856924,
    0.1361281320926412,
    0.13505641211657604,
    0.13274283649848798,
    0.13303793451008442,
    0.12988776071728783,
    0.1281454416609477,
    0.12469191344754992,
    0.12209406941409871,
    0.12137517946265072,
    0.12034507117887708,
    0.1205315940632682,
    0.1170709096478142,
    0.11617508273417956,
    0.11628943182696674
  ],
  "train_dice": [
    0.38146176704773466,
    0.5393368455299591,
    0.5996193019514533,
    0.6330151137461388,
    0.6565080845868746,
    0.6693255709931124,
    0.6857679448570726,
    0.6993677939363733,
    0.707563753948107,
    0.7150649511800662,
    0.7192354446726892,
    0.7267652690070475,
    0.7290718697837539,
    0.7588100279845311,
    0.7662470171080555,
    0.7690291777039232,
    0.7704881461781401,
    0.7722847254645481,
    0.7759642399406184,
    0.7866680990429763,
    0.7956106339844989,
    0.7953847274650238,
    0.7968929464359595,
    0.7991275322254928,
    0.8018324530514725,
    0.8024453112851135,
    0.8062121385046388,
    0.8087033944423562,
    0.8145551518060437,
    0.8184948309441562,
    0.8198758224630698,
    0.8210198767750245,
    0.82015593793986,
    0.8255633277653937,
    0.8269263906519086,
    0.8268799584793124
  ],
  "valid_loss": [
    0.5214382266248023,
    0.4077271809041639,
    0.38589623768429654,
    0.3819388427656569,
    0.3747464818727998,
    0.37149246587550444,
    0.36075499158847585,
    0.3730656619255359,
    0.36666187798573974,
    0.41694919780626166,
    0.37655492540283914,
    0.4114069664082327,
    0.38778465080546054,
    0.3776568209270497,
    0.39586853777386233,
    0.417048222587242,
    0.396279640191849,
    0.41768583053145514,
    0.4135237970586979,
    0.40936610647987376,
    0.3407599802860569,
    0.42289317663246656,
    0.38518968708205337,
    0.503172296144954,
    0.4161756945413587,
    0.37071429710566023,
    0.45111644589331323,
    0.4127470803748825,
    0.39216316645934585,
    0.4127096658559529,
    0.43928593725382864,
    0.3934240455202984,
    0.42775322476050237,
    0.41092935159350885,
    0.4516647129269677,
    0.3951559756038003
  ],
  "valid_dice": [
    0.32715669474298553,
    0.40778549434508615,
    0.39963735713724413,
    0.388817261486984,
    0.4046034126800033,
    0.40656378794985765,
    0.4179806225843042,
    0.3889843227983819,
    0.3902776982785324,
    0.34088964515193615,
    0.39965815119426873,
    0.30819809524755776,
    0.3687490493128085,
    0.4165009456352355,
    0.3563905137268887,
    0.3410645158090878,
    0.3505739354394704,
    0.32663792292457206,
    0.3499732199521184,
    0.3566163449258096,
    0.43948165791723576,
    0.29387741457053707,
    0.3890884374915557,
    0.18830384012621867,
    0.35574717319159094,
    0.41051202189626856,
    0.29536285676607005,
    0.32722849369540646,
    0.3790146929664008,
    0.34088722137286,
    0.31607483808544956,
    0.40343669334864507,
    0.3530131667521473,
    0.37548686857245717,
    0.2996773961035286,
    0.36739425317441354
  ],
  "lr": [
    0.0001,
    0.0001,
    0.0001,
    0.0001,
    0.0001,
    0.0001,
    0.0001,
    0.0001,
    0.0001,
    0.0001,
    0.0001,
    0.0001,
    5e-05,
    5e-05,
    5e-05,
    5e-05,
    5e-05,
    5e-05,
    2.5e-05,
    2.5e-05,
    2.5e-05,
    2.5e-05,
    2.5e-05,
    2.5e-05,
    2.5e-05,
    2.5e-05,
    1.25e-05,
    1.25e-05,
    1.25e-05,
    1.25e-05,
    1.25e-05,
    1.25e-05,
    6.25e-06,
    6.25e-06,
    6.25e-06,
    6.25e-06
  ]
}